Subject,Company,Category,Business Model,Sourcing Method,Key Products,Scale Metrics,Moat,Weakness vs RAI,RAI Takeaway,Error
Bloomberg L.P. (Bloomberg News + Bloomberg Terminal + Bloomberg Intelligence),Bloomberg L.P.,Financial data platform,"Bloomberg L.P.'s core business model relies on recurring subscriptions and enterprise contracts for its Professional Services division, which accounts for the vast majority of its revenue. The flagship product is the Bloomberg Terminal, a software-as-a-service platform that charges an estimated $30,000 annually per user, supplemented by other specialized data, analytics, and media offerings.","Bloomberg sources primary information through a massive global newsroom of over 2,700 journalists and analysts across 100+ bureaus in 70+ countries. They utilize proprietary data pipelines, real-time market feeds, regulatory filings, and direct access to financial markets to feed their terminal and news products. Their Bloomberg Intelligence arm employs 300+ research professionals who conduct independent, in-depth analysis on industries and companies.","The Bloomberg Terminal is their central product, providing real-time market data, news, and analytics. Bloomberg Intelligence offers in-depth research reports, company primers, and datasets on industries and specific companies. Bloomberg News delivers breaking news and specialized coverage, including Bloomberg Technology which covers AI, big data, and startups.","Bloomberg L.P. generated an estimated $12.5 billion to $15 billion in annual revenue in 2023/2024. The company employs over 21,000 people globally, including more than 2,700 journalists and 300+ research professionals. The Bloomberg Terminal has over 325,000 to 350,000 paying subscribers worldwide, with an estimated annual cost of $30,000 per subscription.","Bloomberg's strongest moat is its deeply entrenched, indispensable Bloomberg Terminal ecosystem that combines unparalleled real-time data depth, powerful analytics, and a massive proprietary news-gathering operation that financial professionals rely on daily.","Bloomberg's coverage of AI and robotics is broad and often tied to large-cap tech or general macroeconomic trends, lacking the hyper-specialized, granular focus on specific robot product databases, niche startup funding trackers, and dedicated AI-robotics pricing indices that a specialized platform can provide.","RAI should build a highly specialized, proprietary database of robot products and pricing indices (like ARPI) coupled with deep, niche industry analysis that provides granular insights unavailable in broad financial terminals.",
Reuters / LSEG (Reuters News + LSEG Workspace data),Reuters / LSEG,Financial data platform / Global newswire,"LSEG (London Stock Exchange Group) operates a diversified financial markets infrastructure and data business model. Its primary revenue streams come from Data & Analytics (including LSEG Workspace subscriptions), Capital Markets (trading venues), and Post Trade services (clearing and reporting). The Data & Analytics division generates recurring subscription revenue by providing financial professionals with market data, news, and analytics tools.","Information is sourced through a massive global network of approximately 2,600 journalists in 165 countries, providing first-hand reporting and exclusive access to events. They also aggregate data from over 10,000 authoritative news sources and 2,000 contributing sources. Additionally, they ingest vast amounts of regulatory filings, market pricing data, and proprietary surveys directly into their data pipelines.","Key products include LSEG Workspace, a comprehensive data and analytics platform providing real-time market data, news, and financial modeling tools. They also offer Reuters News, which delivers global financial and general news. Recently, they launched 'Super Summaries', an AI-driven earnings intelligence solution that provides automated summaries of company earnings reports.","LSEG reported total income (excluding recoveries) of £9.08 billion in 2025. Reuters News employs approximately 2,500 to 2,600 journalists across 165 countries. LSEG Workspace pricing is estimated to be around $22,000 per user annually, though it starts at lower tiers for specific use cases.","Their moat is the massive scale of their proprietary financial data ecosystem combined with the exclusive, real-time global news gathering capabilities of the Reuters newsroom. This creates a highly entrenched, indispensable workflow tool for financial professionals that is extremely difficult to replicate.","LSEG's coverage is broad and heavily skewed towards public equities, macroeconomics, and general technology trends, lacking deep, specialized focus on private robotics startups, specific robot product specifications, and niche AI-robotics industry dynamics. Their AI coverage is often framed around general market impact rather than deep technical or product-level intelligence.","RAI should build a highly specialized, proprietary database of private robotics companies and product specifications that generalist platforms like LSEG overlook. By combining this deep, niche data with AI-driven insights (like automated earnings or funding summaries specifically for robotics), RAI can become the indispensable workflow tool for the robotics sector.",
Dow Jones (WSJ + Dow Jones Newswires + Factiva),Dow Jones (WSJ + Dow Jones Newswires + Factiva),Financial data platform / Global newswire,"Dow Jones operates a diversified B2B and B2C subscription-based business model, generating revenue primarily through digital and print subscriptions to its premium publications (like The Wall Street Journal, Barron's, and MarketWatch) and its professional information business (Factiva, Dow Jones Newswires, OPIS). The professional segment drives significant growth by licensing high-value, machine-readable news, data feeds, and APIs to financial institutions, corporations, and developers for market intelligence, trading, and GenAI applications.","Dow Jones sources first-hand information through a massive global newsroom of over 2,000 journalists and experts who conduct deep reporting, interviews, and investigations. They also aggregate data from over 33,000 premium global news and data sources across 200 countries via Factiva. Additionally, they utilize proprietary data pipelines, regulatory filings, and specialized price reporters to generate exclusive market assessments and benchmarks.","Key products include Dow Jones Newswires, which provides real-time, machine-readable financial news and market data feeds for algorithmic trading and quantitative analysis. Factiva is a global news monitoring platform and database aggregating over 33,000 premium sources across 200 countries, offering APIs and feeds specifically licensed for GenAI research and media monitoring. They also offer specialized pricing data and insights for energy markets through OPIS.","Dow Jones generated record revenue of $2.33 billion for the fiscal year 2025, with consumer product subscriptions approaching 6.3 million. The company employs approximately 7,100 people, including over 2,000 experts and journalists. Professional pricing varies, with WSJ Professional often ranging from $400–$700 annually per user, and Factiva professional access ranging from $1,500–$2,800 per user (est.).","Their primary moat is the combination of exclusive, award-winning proprietary journalism (WSJ, Barron's) and a massive, legally cleared archive of 33,000+ global sources (Factiva) that is deeply integrated into institutional financial workflows and GenAI training pipelines.","Dow Jones focuses broadly on macroeconomics, general technology, and financial markets, lacking the deep, specialized technical coverage, dedicated robot product databases, and granular AI-robotics startup tracking that a niche platform like RAI provides.","RAI should build a structured, machine-readable API feed of its proprietary robotics news and 2,400+ robot database, specifically licensing it for quantitative trading, market intelligence, and GenAI applications to embed itself into enterprise workflows.",
S&P Global (Market Intelligence / Capital IQ Pro + Platts + Mobility),S&P Global,Financial data platform,"S&P Global operates a diversified, largely recurring revenue model with about 75% of its revenue coming from subscriptions or recurring fees. Its core business involves selling essential financial information, analytics, credit ratings, and energy/commodities intelligence to institutional investors, banks, corporations, and universities.","S&P Global sources primary information through a massive global newsroom of award-winning journalists and analysts who publish hundreds of sector-focused articles daily. They conduct exclusive interviews with industry experts, leverage proprietary databases of financial and operational information, and gather market intelligence from a wide range of trade participants, including having reporters on the ground for price reporting.","Key products relevant to RAI include S&P Capital IQ Pro, which offers real-time market data, news, and analytics, and the S&P Global Marketplace, which provides premium fundamental and alternative datasets. They also offer specialized intelligence products like S&P Global Mobility for automotive insights and S&P Global Commodity Insights for energy and commodities data.","S&P Global is a massive enterprise with 2024 revenue of $14.2 billion and over 13,000 employees listed on LinkedIn for its Market Intelligence division alone. Pricing for Capital IQ Pro is highly premium, with examples showing a 25-user CPA firm paying $125,000 per year and a 400-user valuation firm paying $600,000 per year.","Their strongest capability is their unmatched breadth and depth of proprietary data combined with a massive global network of expert journalists and analysts who provide deep, sector-focused insights and real-time market intelligence.","S&P Global's coverage is extremely broad and primarily focused on traditional financial sectors, energy, and broad technology, leaving a gap in deep, specialized, and highly granular coverage of niche emerging fields like AI-robotics and specific robot product databases.","RAI should build a highly specialized, proprietary database of robot products and companies, paired with deep, expert-led journalism that provides granular insights and pricing indices specific to the AI-robotics sector, which broad platforms like S&P Global cannot match in depth.",
CNN (CNN Business / breaking-news operation),CNN Business,Global newswire,"CNN Business generates revenue primarily through advertising (digital ads, sponsored content, commercials), cable and satellite carriage fees, and digital subscriptions (e.g., CNN+). Additional revenue streams include syndication and licensing of news content, event hosting, and affiliate sales.","CNN sources first-hand information through its massive global newsroom, operating 37 bureaus worldwide and partnering with over 1,000 local and international news affiliates via CNN Newsource. They employ thousands of journalists and correspondents to gather breaking news, conduct exclusive interviews, and provide on-the-ground reporting. They also utilize digital metrics and audience analytics to evaluate performance and shape newsroom strategies.","CNN Business offers comprehensive digital news coverage, live broadcasts, and multimedia content focusing on global markets, tech, and AI innovations. They provide data-driven insights, deep dive explainers, and exclusive interviews that help businesses understand trends. Their content includes specialized coverage on AI and robotics, such as the impact of AI on labor and the economy.","CNN has approximately 3,107 employees globally as of 2026, with a significant presence in the US, UK, and Hong Kong. The network reaches approximately 80 million households in the U.S. and over 321 million households worldwide. CNN Digital registers more than 150 million unique visitors globally each month.","CNN's moat is its massive global scale, brand recognition, and extensive newsgathering network with 37 bureaus worldwide and over 1,000 local news affiliates.","CNN Business provides broad, generalist coverage of AI and robotics, lacking the deep, specialized technical data, proprietary product databases, and niche market intelligence that a dedicated platform like RAI can offer.","RAI should build a highly specialized, proprietary database of robotics products and companies, coupled with exclusive first-hand industry surveys, to offer unique intelligence that general news outlets like CNN cannot match.",
"The Robot Report (WTWH Media, incl. Robotics Summit)",The Robot Report,Trade media,"The Robot Report operates as a B2B media platform under WTWH Media (recently rebranded as Arrowfly). Its business model relies on advertising, sponsored content, digital events/webinars, and producing major industry events like the Robotics Summit & Expo and RoboBusiness.","They source information through a dedicated editorial team of industry veterans and technical journalists (e.g., Steve Crowe, Mike Oitzman). They also leverage their proprietary events (Robotics Summit & Expo) to gather first-hand insights, conduct interviews, and access exclusive product demonstrations and announcements.","Key products include their online news portal, The Robot Report Podcast, and a free worldwide robotics company directory/database. They also produce industry-leading events such as the Robotics Summit & Expo and RoboBusiness, which serve as major networking and lead-generation platforms.","WTWH Media (Arrowfly) has an estimated revenue of $50M to $100M+ and employs approximately 797 people as of 2026. The Robot Report has a strong digital presence, including a podcast with an estimated 110K Spotify followers and 90K Apple Podcasts followers, and 15K YouTube subscribers.","Their strongest moat is their established brand authority and deep integration with major industry events (Robotics Summit & Expo, RoboBusiness), which provide exclusive access to industry leaders and a highly engaged professional audience.","Their coverage is primarily qualitative and event-driven, lacking deep, structured, quantitative data products like real-time pricing indices (ARPI) or comprehensive, searchable robot product databases that RAI is building.","RAI should build a comprehensive, proprietary, and highly structured data product (like the 2,400+ robot database and pricing indices) that goes beyond news to become an indispensable daily workflow tool for industry professionals.",
Interact Analysis (robotics & automation market research),Interact Analysis,Market research firm,"Interact Analysis operates as a premium market intelligence and research firm, generating revenue primarily through the sale of syndicated industry reports, custom research projects, and annual subscription services (such as their Voice of Market service). They focus on high-value, deep-dive intelligence for the automation value chain rather than low-cost automated data scraping.","They source primary information through extensive direct human engagement, conducting thousands of exploratory discussions with senior executives, engineers, sales managers, and end-users. They explicitly reject low-value automated data scraping, relying instead on a team of expert analysts to gather qualitative insights, customer sentiment, and supply chain perspectives directly from the market.","Their key products include syndicated market reports on Mobile Robots, Industrial and Collaborative Robots, and Warehouse Automation. They also offer the Manufacturing Industry Output Tracker (MIO) and a Voice of Market service that provides bi-annual reports on customer sentiment and supply chain trends. These deep-dive, segment-specific reports are highly relevant to RAI's goal of providing comprehensive robotics intelligence.","Interact Analysis is a boutique firm with an estimated 11-50 employees and annual revenue under $5 million. They have a global presence with offices in the UK, US, and China, serving major clients like ABB, Siemens, and Geek+. Specific pricing for their premium reports is not publicly listed but follows a high-ticket B2B research model.","Their primary moat is their rigorous primary research methodology, which relies on thousands of direct, exploratory discussions with senior executives, engineers, and end-users rather than automated data scraping. This human-centric approach allows them to uncover nuanced market dynamics and customer sentiments that are difficult to replicate with software alone.","Their traditional, human-intensive research model means their reports are published periodically (e.g., bi-annually) and may lack the real-time, high-frequency data tracking that an AI-driven platform can provide. RAI can exploit this by offering continuous, automated updates on robot products, pricing indices, and funding events that outpace the static report cycle.","RAI should build a robust primary research capability that systematically conducts and synthesizes interviews with industry executives and engineers to complement its automated data pipelines. This human-in-the-loop intelligence will provide the nuanced, forward-looking insights needed to rival established research firms.",
Mordor Intelligence (market research reports incl. robotics),Mordor Intelligence,Market research firm,"Mordor Intelligence operates as a self-sustained, revenue-funded market research and advisory firm. Their core revenue streams come from selling syndicated, ready-to-use market research reports and providing custom research and consulting services. They also offer a subscription-based market intelligence platform called Synapse, which provides access to their report library, AI-powered insights, and data dashboards.","They source information through a combination of primary and secondary research, utilizing a network of experts across 100+ countries. Their methodology includes desk research, surveys, focus groups, expert interviews, competitor analysis, and data modeling. They emphasize cross-checking assumptions with primary research and reconciling top-down and bottom-up approaches to ensure data accuracy.","Their key products include syndicated industry reports covering various robotics segments such as Industrial Robotics, Service Robotics, Personal Robots, and Warehouse Robotics. They also offer Synapse, an all-in-one market intelligence platform that provides a unified dashboard for reports, market estimates, and AI-powered insights. Additionally, they provide custom research services for specific business questions and strategic sourcing insights.","Mordor Intelligence has an estimated annual revenue of $76.2M to $187M and employs between 500 and 750 professionals, with plans to expand to over 2,000 employees. They have delivered close to 10,000 market insight projects to over 6,500 clients, including 60% of the Fortune 500. Their Synapse platform pricing starts at $999.00 per month.","Their moat is their \""Distributed Expertise Model,\"" which leverages a network of experts across 100+ countries to deliver near-real-time intelligence while maintaining low operational overhead by being headquartered in India. This allows them to provide extensive coverage of over 18,000 reports across 20+ industries at a competitive cost.","Their weakness is a reliance on broad, generalized research methodologies across numerous industries, which can lead to superficial or inaccurate insights in highly specialized fields like AI-robotics. They have also faced criticism regarding the quality and depth of their reports, with some industry professionals questioning the legitimacy of their data and projections.","RAI should build a unified, AI-powered intelligence dashboard similar to Synapse that consolidates robotics data, market estimates, and reports into a single, easily accessible platform. This would provide users with instant, actionable insights and visualization tools, enhancing the value of RAI's proprietary data.",
robolist.ai (robot marketplace / listing platform),Robolist.ai,Marketplace,"Robolist.ai operates as a free-to-use public directory and comparison platform for commercial robotics, similar to CoinMarketCap but for robots. Their main revenue stream comes from B2B pricing tiers (Starter, Pro, Enterprise) for manufacturers to unlock advanced profile features and analytics, as well as clearly labeled sponsored advertising placements that sit outside the rankings.","They source data primarily from manufacturer websites, product pages, structured spec sheets, official PDFs, and press releases, which are scraped, parsed using AI, and manually reviewed before publishing. They also rely on owner-supplied data where verified manufacturers can claim their profiles and edit structured fields. Secondary signals like industry directories and news coverage are used as fallbacks but never overwrite primary data.","Their core product is a comprehensive robot catalog featuring over 3,700 robots ranked by the proprietary 'Robo Index', which evaluates commercial maturity, deployment footprint, and spec completeness. They also offer a 'Robo Scout' tool for buyers to find robots based on use cases, and side-by-side comparison engines structured across Identity, Operational, and Category layers. Additionally, they publish industry briefings and trend reports based on their data.","Robolist.ai tracks over 3,700 active robots from more than 1,300 manufacturers across 42 countries. They offer B2B pricing tiers including Free, Starter, Pro, and Enterprise plans for manufacturers. The platform is built as an enterprise venture of 67Lab.ai.","Their strongest moat is the objective, algorithmic 'Robo Index' ranking system that cannot be bought or influenced by sponsorships, creating a highly trusted, independent source of truth for buyers. This is supported by a massive, structured database of 3,700+ robots with deep specification data progressively disclosed through proprietary UI components.","Robolist.ai focuses broadly on all commercial physical robots (including agricultural, cleaning, and hospitality) and explicitly excludes pure software or virtual agents, meaning they lack deep, specialized coverage of the underlying AI models, software infrastructure, and embodied AI advancements that power these robots.","RAI should build a similarly objective, data-driven ranking or indexing system for AI-robotics products that strictly separates editorial/ranking integrity from paid placements, establishing itself as the definitive, unbiased source of truth in the market.",
IFR International Federation of Robotics (World Robotics statistics),International Federation of Robotics (IFR),Industry association,"IFR operates as a non-profit industry association, generating revenue primarily through membership fees from robotics organizations, R&D institutes, and national associations. They also monetize their proprietary data by selling the annual World Robotics reports, with premium combination packages priced between EUR 2,500 and EUR 3,050.","IFR sources its primary data directly from nearly all industrial robot suppliers worldwide. They also collect secondary data through national robotics associations. This direct-from-manufacturer pipeline allows them to compile highly accurate, standardized tables on global robot installations, shipments, and operational stock.","Their flagship product is the annual World Robotics report, split into 'Industrial Robots' and 'Service Robots' editions. These reports provide global statistics, market analyses, robot density metrics, and operational stock estimates across 40+ countries. They also offer an online data query tool for historical installation data and Excel exports for premium subscribers.","IFR is a lean organization with an estimated 7 employees and an estimated annual revenue of $4.4 million. Their premium World Robotics data packages are priced at EUR 2,500 (digital) and EUR 3,050 (print + digital). They represent over 90 members from more than 20 countries.","Their primary moat is their exclusive, direct data pipeline from nearly all global industrial robot suppliers and national robotics associations, making them the undisputed authoritative source for historical hardware installation statistics.","IFR's coverage is heavily skewed toward traditional industrial hardware and historical data, with a conservative stance on emerging AI and humanoid robotics. They lack real-time tracking of AI software advancements, embodied intelligence startups, and the rapid integration of AI into physical robotics.","RAI should build a real-time, forward-looking intelligence product focused on AI software integration, embodied intelligence, and startup funding, which moves faster than IFR's annual hardware-centric reporting cycle.",
"PitchBook (private-market data, robotics vertical coverage)",PitchBook,Financial data platform,"PitchBook operates a high-retention SaaS subscription business model, delivering predictable recurring cash flow that accounts for over 95% of its revenue. It monetizes through annual seat licenses, enterprise deals, and premium add-ons like API/CRM integrations and specialized data feeds.","PitchBook uses AI-driven web crawlers to scan the internet for secondary sources like news articles, regulatory filings, and press releases. This data is then manually verified and enriched by a global team of 1,100+ researchers who validate sensitive datapoints like cap tables and valuations, and communicate directly with firm management quarterly.","PitchBook provides comprehensive private-market data including company profiles, deal data, valuations, and investor intelligence. Relevant to robotics, they publish vertical snapshots and quarterly VC trend reports on Robotics & Physical AI, tracking deal activity, megadeals, and emerging themes like defense autonomy and industrial robotics.","PitchBook generates roughly $450-500M in ARR (as part of Morningstar's Data and Analytics segment) with over 110,000 active users. Pricing ranges from $12,000 to $20,000 per year for solo users, up to $70,000+ for enterprise teams, supported by a global team of 1,100+ researchers.","PitchBook's moat is its extensive, curated historical deal archive combined with a rigorous verification workflow by over 1,100 human researchers, creating high brand trust and network effects.","PitchBook's reliance on human analysts for data verification makes its coverage lagging and incomplete, and its rigid, traditional filtering interface is less efficient than modern AI-driven natural language queries.","RAI should build a real-time, AI-native data extraction and natural language querying system that processes filings and news instantly, offering a faster and more conversational alternative to PitchBook's analyst-dependent, lagging data updates.",
Crunchbase (startup funding data platform),Crunchbase,Startup data platform,"Crunchbase operates on a freemium and multi-tiered subscription model, generating revenue primarily through its SaaS offerings (Crunchbase Pro and Business) and data licensing via API. They also monetize through advertising and strategic partnerships, providing tiered access to their proprietary startup and venture capital database.","Crunchbase sources its data primarily through a massive venture program network of over 4,000 members who submit monthly portfolio updates, and an active community of over 600,000 contributors who update profiles. They also utilize AI and machine learning algorithms to track government filings and news, supplemented by an in-house team of data experts for manual verification.","Crunchbase offers a comprehensive startup and investor database, advanced search and filtering tools, and market trend analysis. Their API and data licensing products provide firmographics, funding histories, and predictive insights, which RAI could emulate to build a robust AI-robotics company directory and funding tracker.",Crunchbase generates an estimated $38M to $65M in annual revenue and employs approximately 174 to 259 people. The platform attracts over 75 million annual visitors and offers subscription plans starting at $49 per month (billed annually) for Crunchbase Pro.,"Crunchbase's strongest moat is its massive, active community of over 600,000 contributors and a vast venture partner network that continuously updates and verifies its proprietary dataset.","Crunchbase provides broad, generalized coverage across all tech sectors, lacking the deep, specialized technical taxonomy and first-hand, niche insights required for the highly complex AI-robotics industry.","RAI should build a specialized, community-driven contributor network and partner with robotics venture firms to create a proprietary, highly accurate database of AI-robotics startups and funding rounds.",
"CB Insights (tech market intelligence, robotics research)",CB Insights,Market research firm,"CB Insights operates a B2B SaaS subscription model, providing a technology market intelligence platform to enterprise strategy, corporate development, M&A, and business development teams. Their revenue is primarily driven by recurring subscriptions for access to their proprietary database, predictive analytics, and research reports.","CB Insights sources 70% of its data algorithmically using machine learning software (The Cruncher) that crawls over 150,000 sources daily, including regulatory filings, press releases, and news articles. The remaining 30% of data is submitted directly by investors and companies through their Editor platform. They also gather primary research via customer transcripts and analyst briefings.","Key products include their Mosaic Score for private company ratings, predictive M&A and IPO probabilities, and comprehensive company profiles. They also offer specialized research such as the State of AI reports, AI 100 rankings, and generative AI libraries. Their searchable market index and market maps are highly relevant for tracking robotics and AI startups.",CB Insights generated an estimated $145.8M in revenue in 2024. The company has approximately 296 employees and serves around 500 enterprise customers. They have raised $11.7M in funding.,Their moat is the combination of a massive proprietary database of private company data (10M+ profiles) and predictive machine learning algorithms (like the Mosaic Score) that forecast company health and market trends.,"CB Insights covers a broad range of tech sectors, meaning their AI and robotics coverage lacks the deep, specialized, first-hand product and pricing intelligence (like ARPI) that a dedicated robotics platform can provide.","RAI should build a predictive scoring system similar to the Mosaic Score, specifically tailored to evaluate the commercial maturity and technological viability of AI-robotics startups.",
IoT Analytics / STIQ Ltd (warehouse automation & robotics research boutiques),IoT Analytics / STIQ Ltd,Market research firm,"IoT Analytics operates on a subscription and pay-per-report model, offering premium market reports, databases, and bespoke research services. STIQ Ltd employs a unique freemium model where all market research reports are free to download, and revenue is generated through corporate sponsorships and advertising within the reports.","IoT Analytics relies on extensive primary research, having conducted over 800 expert interviews and surveyed 2,600+ enterprise respondents, alongside tracking 120+ databases. STIQ Ltd sources information by interviewing up to 50 stakeholders per report, attending 20-25 global supply chain events annually, and leveraging their background in M&A due diligence research.","IoT Analytics offers in-depth reports on Industrial AI, Smart Manufacturing, and Digital & AI in Industrial Robotics, alongside enterprise spending trackers. STIQ Ltd provides highly relevant free reports on AGV & AMR Robotics, Goods-to-Person Ecommerce Fulfillment Robotics, and System Integrators, which are widely read in the logistics and automation sectors.","IoT Analytics has served over 800 corporate clients, with reports priced from $1,000 to $5,000+ and comprehensive subscription plans available. STIQ Ltd reports have been downloaded approximately 50,000 times since 2020, reaching a global audience (45% Europe, 35% North America), and they maintain a lean team of full-time experts and freelancers.","STIQ's freemium model creates a massive viral distribution network (5-10x multiplier per download) that guarantees wide readership, while IoT Analytics' moat is its deep, proprietary primary data from thousands of enterprise surveys and expert interviews.","Both firms lack high-frequency, real-time news origination and daily tracking capabilities, focusing instead on periodic (annual or quarterly) static PDF reports and broad market overviews rather than granular, daily AI-robotics intelligence.","RAI should adopt STIQ's freemium report model to rapidly build a massive top-of-funnel audience, monetizing through sponsorships while upselling real-time data access and premium trackers.",
Nikkei / Nikkei Asia (incl. Nikkei Robotics newsletter),Nikkei / Nikkei Asia (incl. Nikkei Robotics),Global newswire / Trade media,"Nikkei operates as a global media holding company with newspaper businesses at its core, generating revenue through print and digital subscriptions, advertising, and B2B intelligence products. Nikkei BP, its publishing arm, monetizes specialized B2B publications like Nikkei Robotics through high-priced annual subscriptions (e.g., 49,800 yen/year) and event sponsorships.","Nikkei leverages a massive global newsroom of over 1,500 journalists across 37 overseas bureaus and 51 domestic locations to source first-hand information. For specialized publications like Nikkei Robotics, they conduct direct interviews with researchers and executives, analyze academic papers, and cover industry events and regulatory developments globally.","Nikkei offers broad financial and business news through its flagship newspapers and Nikkei Asia platform. For the robotics sector, Nikkei BP publishes 'Nikkei Robotics', a specialized monthly magazine and digital newsletter focusing on robotics and physical AI technology, research, and business trends. They also organize industry events like 'Robotics NEXT Tokyo' to complement their intelligence products.","Nikkei Inc. reported sales of 177.7 billion yen (est. $1.18 billion USD) in 2025, with 3,023 employees and over 1 million paid digital subscribers. They maintain a massive newsroom of over 1,500 journalists across 37 global bureaus. The specialized Nikkei Robotics newsletter is priced at 49,800 yen (est. $330 USD) for an annual subscription.","Their massive global network of 1,500+ journalists across 37 bureaus combined with deep institutional access to Japanese corporate and academic robotics research.","As a broad legacy media conglomerate, their robotics coverage is primarily delivered through traditional monthly magazine formats (Nikkei Robotics) rather than real-time, interactive data platforms or dynamic product databases.","RAI should build a proprietary, high-value B2B subscription product similar to Nikkei Robotics, focusing on deep technical analysis and exclusive interviews, priced at a premium for enterprise clients.",
36Kr / QbitAI (Chinese tech media covering robotics),36Kr / QbitAI,Trade media,"36Kr generates revenue primarily through online advertising services, enterprise value-added services (consulting, training, and industry events), and subscription services. QbitAI operates as a specialized AI and frontier tech media platform, monetizing through advertising, industry events (like the MEET conference), and enterprise services such as industry reports and rankings.","Both platforms source information through dedicated editorial teams conducting exclusive interviews with industry leaders and founders. They also leverage their strong industry networks to gather first-hand insights from conferences, academic papers, and corporate announcements, while 36Kr utilizes its extensive corporate database for data-driven reporting.","36Kr offers a comprehensive database and AI technology platforms like Corporate Omni Intelligence, covering over 7,800 public companies with data analytics capabilities. QbitAI produces specialized AI industry reports, annual AI leader rankings, and operates a directory of AI models and companies, providing deep insights into the AI and robotics ecosystem.","36Kr reported H1 2025 total revenues of RMB 93.2 million (US$13.0 million) with over 36.6 million followers across platforms. QbitAI has over 3.5 million subscribers across its media matrix, with its WeChat account alone exceeding 1 million followers, and operates as a leaner, highly focused media startup.",Their strong brand influence and massive multi-channel follower base (36Kr has over 36.6 million followers; QbitAI has over 3.5 million) allow them to attract top industry leaders for exclusive interviews and high-profile events.,"As general tech and business media, their robotics coverage is often broad or focused on high-level business trends rather than deep, specialized technical and product-level intelligence specific to the robotics sector.","RAI should build a proprietary, highly structured database of robotics companies and products, coupled with specialized industry events and rankings, to establish authority and create high-margin enterprise value-added services.",
IEEE Spectrum Robotics (incl. Robots Guide robotsguide.com),IEEE Spectrum Robotics (incl. Robots Guide),Trade media,"IEEE Spectrum is the flagship magazine and website of the IEEE. Its core business model relies on membership dues (as it serves nearly 450,000 IEEE members), advertising revenue (print, digital, and eNewsletters), and sponsored content/webinars.","They source primary information through a dedicated editorial team (including a Robotics Editor and contributors) who conduct interviews, attend conferences, and write original articles. They also leverage the vast IEEE network, including the IEEE Robotics & Automation Society (RAS) and a Steering Committee of industry experts, to curate and verify robot data and news.","Their key products include the IEEE Spectrum magazine (print and digital), the Robotics topic section on their website featuring news and articles, and the interactive \""Robots Guide\"" (robotsguide.com) which catalogs over 240 real-world robots with specs, photos, and rankings. They also produce specialized eNewsletters like \""Robotics News\"" and \""Video Friday.\""","IEEE Spectrum has a BPA-audited circulation of nearly 450,000 worldwide (165,000+ in North America). Their website receives an average of 1.5 million page views monthly, and their eNewsletters reach 1.8 million subscribers. The Robots App, which forms the foundation of Robots Guide, has been downloaded 1.3 million times.","Their strongest capability is their deep integration with the IEEE and its Robotics & Automation Society, providing them with unparalleled access to academic research, industry experts, and a massive, highly engaged audience of engineering professionals.","Their coverage is broad and often caters to a general engineering audience or STEM education, lacking the hyper-focused, real-time commercial intelligence, pricing indices, and startup funding trackers that a specialized market-intelligence platform like RAI can provide.","RAI should build a comprehensive, continuously updated proprietary database of robot products and companies with deep commercial metrics (pricing, funding, market share) to differentiate from IEEE's more educational and general news-oriented catalog.",
"ABI Research (technology market advisory, robotics practice)",ABI Research,Market research firm,"ABI Research operates a subscription-based technology market intelligence and strategic advisory model. Their main revenue streams come from tiered subscription packages (Individual Service, Data Access, All Access) that provide qualitative reports, quantitative datasets, analyst inquiry, and access to their AI-powered research assistant, Ask ABI. They also generate revenue through custom consulting, market opportunity assessments, and content marketing solutions like whitepapers and webinars.","ABI Research sources primary information through a global team of expert analysts who conduct in-depth industry research, B2B and B2C end-user surveys, and in-depth interviews. They collect quantitative data from across the technological ecosystem, including technology developers, platform aggregators, and end-users in specific verticals. Their insights are heavily analyst-driven, relying on direct engagement with industry leaders and proprietary data collection methodologies.","Their key robotics intelligence products include the 'Industrial, Collaborative & Commercial Robotics Research Service', which covers market sizing, trends, and forecasts for industrial robots, cobots, commercial robots, and drones. They also offer 'Robotics Functional Safety Market Data' and 'Industrial and Manufacturing Survey: Robotics'. A standout product is 'Ask ABI', an AI-powered research assistant trained exclusively on their proprietary technology market intelligence library, allowing users to query robotics data and trends in natural language.","ABI Research has an estimated 195 employees and generates approximately $68 million in annual revenue. They operate globally with locations in the US, UK, and Singapore. Pricing for their subscription packages is not publicly listed and requires contacting sales.","Their strongest moat is their proprietary, analyst-validated technology research library combined with their AI-powered tool, Ask ABI, which allows clients to instantly query trusted, expert-backed market intelligence rather than generic web data.","ABI Research covers robotics as part of a broader technology portfolio, meaning their coverage may lack the deep, specialized, real-time focus on AI-robotics startups, specific robot product databases, and daily first-hand news origination that a dedicated platform like RAI provides.","RAI should build a proprietary, AI-powered query interface (similar to Ask ABI) trained exclusively on its own first-hand robotics database and newsroom content, allowing users to instantly extract trusted, verified robotics market intelligence.",
Grand View Research / MarketsandMarkets (volume market-report publishers),Grand View Research / MarketsandMarkets,Market research firm,"Both firms operate as volume market-report publishers and consulting businesses. Their primary revenue streams come from selling syndicated off-the-shelf market research reports (typically priced around $4,950 USD for a single-user license), offering custom research/consulting services, and providing subscription-based access to their proprietary market intelligence platforms (such as MarketsandMarkets' Knowledge Store).","They rely heavily on a mix of secondary and primary research methodologies. Secondary sourcing involves scraping paid databases (like Hoover's and Factiva), company annual reports, investor presentations, and government statistics. Primary sourcing is conducted by their large analyst teams (MarketsandMarkets claims to have over 1,000 analysts) through questionnaires, vendor-based primary research, and one-on-one phone interviews with industry experts and Key Opinion Leaders (KoLs) to validate data and build heuristic forecasting models.","They produce hundreds of syndicated reports covering niche and emerging technologies, including specific robotics segments. Key products relevant to RAI include their \""Industrial Robotics Market,\"" \""Intelligent Robotics Market,\"" \""Physical AI Market,\"" and \""Consumer Robotics Market\"" reports, which provide market sizing, CAGR forecasts, competitive benchmarking, and segment penetration analysis.","Grand View Research has an estimated 500-1,000 employees with an estimated annual revenue of $60.5 million. MarketsandMarkets is significantly larger, with approximately 1,500-2,000 employees and an estimated annual revenue of $315M-$390M. Both firms typically price their standard syndicated reports at $4,950 USD for a single-user license.","Their strongest capability is their massive scale of report production and their interconnected data models (like MarketsandMarkets' Knowledge Store), which allow them to rapidly generate top-down and bottom-up market sizing across thousands of niche segments by cascading trends from one market to another.","Their coverage of AI-robotics is broad but shallow, relying on generic top-down forecasting and secondary data rather than deep, first-hand technical expertise or real-time product/pricing indices. They lack proprietary, ground-level data sources (like a database of 2,400+ robots or real-time funding trackers) and their reports are often criticized for being generic or formulaic, leaving a gap for RAI's highly specialized, first-hand intelligence.","RAI should build a dynamic, interconnected \""Knowledge Store\""-style platform that links its proprietary robot product database, pricing indices (ARPI), and company directory, allowing users to instantly generate highly accurate, data-backed market sizing and segment analysis that volume publishers cannot match.",
The Information / Axios Pro (premium subscription tech news),The Information / Axios Pro,Trade media,"Both operate premium B2B subscription models targeting business professionals and dealmakers, with high-priced annual tiers. The Information charges $399/year for standard access and $749/year for Pro, while Axios Pro charges $599/year for a single newsletter and up to $2,499/year for all-access. They rely on high retention rates from corporate expensing and direct corporate subscriptions rather than advertising.","They rely on small, highly specialized newsrooms (The Information has ~65 employees globally) that cultivate deep relationships with industry insiders, executives, and investors. Their journalists act as domain experts who break exclusive scoops and provide in-depth analysis rather than aggregating news. They also leverage subscriber feedback and host exclusive events to gather intelligence and refine their coverage areas.","Their core offerings are specialized, high-frequency newsletters and deeply reported exclusive articles focused on specific verticals like tech, finance, and M&A deals. They also provide subscriber-only events, networking opportunities, and specialized data/deal trackers that cater to the specific needs of investors and executives.","The Information has an est. 475,000 active readers (including free newsletters), ~65 employees, and charges $399-$749/year. Axios Pro generated $2 million in its first year (2022) with over 3,000 paid subscribers, charging $599-$2,499/year, while the broader Axios business generated nearly $100 million in total revenue.","Their primary moat is their network of elite journalists who possess deep, exclusive relationships with top executives and dealmakers, enabling them to consistently break high-value, market-moving scoops. This creates a high willingness to pay among professionals who need this information to maintain a competitive edge.","Their coverage of AI and robotics is often generalized within broader tech or business beats, lacking the granular, product-level data and specialized technical depth required by dedicated robotics professionals. They do not offer comprehensive databases of robot products, company directories, or specialized pricing indices like ARPI.","RAI should build a proprietary, highly structured database of robot products, pricing indices, and company directories that cannot be easily replicated by generalist tech reporters. This data-driven product should be bundled with expert analysis to create an indispensable tool for robotics industry professionals.",
